radius,ccu,tier,mode,maxN,cpu,pg,cpu_pct,pg_pct,days,links,len_km
2000,2,P1P2,eff-ring,9,11615,9009,96,75,3.05,9,48
2000,2,P1P2,long-ring,3,11044,4839,91,40,36.55,6,48
2000,2,P1P2,eff-serial,9,11896,9219,98,77,3.05,9,308
2000,2,P3P4,eff-ring,5,11053,3816,91,32,0.77,5,48
2000,2,P3P4,long-ring,0,10800,2100,89,18,0.00,0,48
2000,3,P1P2,eff-ring,15,16988,14570,99,97,1.83,15,58
2000,3,P1P2,long-ring,7,16168,9425,94,63,15.66,14,48
2000,3,P1P2,eff-serial,14,16687,14089,97,94,1.96,14,438
2000,3,P3P4,eff-ring,9,17015,6309,99,42,0.43,9,48
2000,3,P3P4,long-ring,2,15344,4239,89,28,17.36,6,48
2000,4,P1P2,eff-ring,17,18799,16439,88,97,1.61,17,65
2000,4,P1P2,long-ring,11,21293,14010,100,82,9.97,22,48
2000,4,P1P2,eff-serial,16,18640,16064,87,94,1.71,16,490
2000,4,P3P4,eff-ring,11,19997,7555,94,44,0.35,11,48
2000,4,P3P4,long-ring,4,19887,6378,93,38,8.68,12,48
2000,5,P1P2,eff-ring,19,20616,18312,81,96,1.44,19,73
2000,5,P1P2,long-ring,14,25170,17475,99,92,7.83,28,54
2000,5,P1P2,eff-serial,18,20614,18055,81,95,1.52,18,542
2000,5,P3P4,eff-ring,14,24485,9437,96,50,0.28,14,54
2000,5,P3P4,long-ring,6,24431,8518,96,45,5.79,18,48
2500,2,P1P2,eff-ring,9,11637,9025,96,75,3.05,9,60
2500,2,P1P2,long-ring,3,11058,4850,91,40,36.55,6,60
2500,2,P1P2,eff-serial,9,11988,9288,99,77,3.05,9,385
2500,2,P3P4,eff-ring,5,11065,3825,91,32,0.77,5,60
2500,2,P3P4,long-ring,0,10800,2100,89,18,0.00,0,60
2500,3,P1P2,eff-ring,15,17032,14602,99,97,1.83,15,72
2500,3,P1P2,long-ring,7,16202,9450,94,63,15.66,14,60
2500,3,P1P2,eff-serial,14,16876,14230,98,95,1.96,14,547
2500,3,P3P4,eff-ring,9,17037,6325,99,42,0.43,9,60
2500,3,P3P4,long-ring,2,15358,4250,89,28,17.36,6,60
2500,4,P1P2,eff-ring,17,18855,16480,88,97,1.61,17,82
2500,4,P1P2,long-ring,10,20060,12900,94,76,10.96,20,60
2500,4,P1P2,eff-serial,16,18876,16241,89,96,1.71,16,613
2500,4,P3P4,eff-ring,11,20023,7575,94,45,0.35,11,60
2500,4,P3P4,long-ring,4,19916,6400,93,38,8.68,12,60
2500,5,P1P2,eff-ring,19,20686,18364,81,97,1.44,19,91
2500,5,P1P2,long-ring,14,25246,17531,99,92,7.83,28,67
2500,5,P1P2,eff-serial,18,20903,18271,82,96,1.52,18,678
2500,5,P3P4,eff-ring,14,24523,9466,96,50,0.28,14,67
2500,5,P3P4,long-ring,6,24474,8550,96,45,5.79,18,60
3000,2,P1P2,eff-ring,9,11659,9041,96,75,3.05,9,72
3000,2,P1P2,long-ring,3,11072,4861,91,41,36.55,6,72
3000,2,P1P2,eff-serial,9,12080,9357,100,78,3.05,9,462
3000,2,P3P4,eff-ring,5,11077,3834,91,32,0.77,5,72
3000,2,P3P4,long-ring,0,10800,2100,89,18,0.00,0,72
3000,3,P1P2,eff-ring,15,17075,14635,99,98,1.83,15,87
3000,3,P1P2,long-ring,7,16236,9475,94,63,15.66,14,72
3000,3,P1P2,eff-serial,14,17064,14371,99,96,1.96,14,657
3000,3,P3P4,eff-ring,9,17059,6341,99,42,0.43,9,72
3000,3,P3P4,long-ring,2,15372,4261,89,28,17.36,6,72
3000,4,P1P2,eff-ring,17,18910,16522,89,97,1.61,17,98
3000,4,P1P2,long-ring,10,20108,12936,94,76,10.96,20,72
3000,4,P1P2,eff-serial,16,19112,16418,90,97,1.71,16,735
3000,4,P3P4,eff-ring,11,20049,7595,94,45,0.35,11,72
3000,4,P3P4,long-ring,4,19945,6422,94,38,8.68,12,72
3000,5,P1P2,eff-ring,19,20755,18416,82,97,1.44,19,109
3000,5,P1P2,long-ring,14,25321,17588,100,93,7.83,28,81
3000,5,P1P2,eff-serial,18,21191,18488,83,97,1.52,18,813
3000,5,P3P4,eff-ring,14,24561,9494,97,50,0.28,14,81
3000,5,P3P4,long-ring,6,24517,8582,96,45,5.79,18,72
3500,2,P1P2,eff-ring,9,11680,9057,96,75,3.05,9,84
3500,2,P1P2,long-ring,3,11087,4872,91,41,36.55,6,84
3500,2,P1P2,eff-serial,8,11183,8429,92,70,3.43,8,494
3500,2,P3P4,eff-ring,5,11089,3843,91,32,0.77,5,84
3500,2,P3P4,long-ring,0,10800,2100,89,18,0.00,0,84
3500,3,P1P2,eff-ring,15,17118,14667,99,98,1.83,15,101
3500,3,P1P2,long-ring,7,16269,9500,95,63,15.66,14,84
3500,3,P1P2,eff-serial,13,16218,13482,94,90,2.11,13,721
3500,3,P3P4,eff-ring,9,17080,6357,99,42,0.43,9,84
3500,3,P3P4,long-ring,2,15387,4272,89,28,17.36,6,84
3500,4,P1P2,eff-ring,17,18966,16564,89,97,1.61,17,114
3500,4,P1P2,long-ring,10,20156,12972,95,76,10.96,20,84
3500,4,P1P2,eff-serial,16,19348,16595,91,98,1.71,16,858
3500,4,P3P4,eff-ring,11,20076,7615,94,45,0.35,11,84
3500,4,P3P4,long-ring,4,19974,6443,94,38,8.68,12,84
3500,5,P1P2,eff-ring,19,20824,18468,82,97,1.44,19,128
3500,5,P1P2,long-ring,14,25397,17645,100,93,7.83,28,94
3500,5,P1P2,eff-serial,18,21480,18705,85,98,1.52,18,949
3500,5,P3P4,eff-ring,14,24598,9522,97,50,0.28,14,94
3500,5,P3P4,long-ring,6,24561,8615,97,45,5.79,18,84
4000,2,P1P2,eff-ring,9,11702,9074,96,76,3.05,9,96
4000,2,P1P2,long-ring,3,11101,4882,91,41,36.55,6,96
4000,2,P1P2,eff-serial,8,11259,8486,93,71,3.43,8,564
4000,2,P3P4,eff-ring,5,11101,3852,91,32,0.77,5,96
4000,2,P3P4,long-ring,0,10800,2100,89,18,0.00,0,96
4000,3,P1P2,eff-ring,15,17162,14700,100,98,1.83,15,116
4000,3,P1P2,long-ring,7,16303,9526,95,64,15.66,14,96
4000,3,P1P2,eff-serial,13,16384,13606,95,91,2.11,13,824
4000,3,P3P4,eff-ring,9,17102,6374,99,42,0.43,9,96
4000,3,P3P4,long-ring,2,15401,4282,89,29,17.36,6,96
4000,4,P1P2,eff-ring,17,19021,16605,89,98,1.61,17,131
4000,4,P1P2,long-ring,10,20204,13008,95,77,10.96,20,96
4000,4,P1P2,eff-serial,16,19584,16772,92,99,1.71,16,980
4000,4,P3P4,eff-ring,11,20102,7634,94,45,0.35,11,96
4000,4,P3P4,long-ring,4,20002,6465,94,38,8.68,12,96
4000,5,P1P2,eff-ring,19,20893,18520,82,97,1.44,19,146
4000,5,P1P2,long-ring,13,24128,16507,95,87,8.43,26,100
4000,5,P1P2,eff-serial,18,21769,18921,86,100,1.52,18,1084
4000,5,P3P4,eff-ring,14,24636,9551,97,50,0.28,14,108
4000,5,P3P4,long-ring,6,24604,8647,97,46,5.79,18,96
4500,2,P1P2,eff-ring,9,11723,9090,97,76,3.05,9,108
4500,2,P1P2,long-ring,3,11116,4893,92,41,36.55,6,108
4500,2,P1P2,eff-serial,8,11336,8544,93,71,3.43,8,635
4500,2,P3P4,eff-ring,5,11113,3861,92,32,0.77,5,108
4500,2,P3P4,long-ring,0,10800,2100,89,18,0.00,0,108
4500,3,P1P2,eff-ring,15,17205,14732,100,98,1.83,15,130
4500,3,P1P2,long-ring,7,16337,9551,95,64,15.66,14,108
4500,3,P1P2,eff-serial,13,16551,13731,96,92,2.11,13,927
4500,3,P3P4,eff-ring,9,17123,6390,99,43,0.43,9,108
4500,3,P3P4,long-ring,2,15416,4293,90,29,17.36,6,108
4500,4,P1P2,eff-ring,17,19077,16647,90,98,1.61,17,147
4500,4,P1P2,long-ring,10,20252,13044,95,77,10.96,20,108
4500,4,P1P2,eff-serial,16,19820,16949,93,100,1.71,16,1103
4500,4,P3P4,eff-ring,11,20129,7654,94,45,0.35,11,108
4500,4,P3P4,long-ring,4,20031,6486,94,38,8.68,12,108
4500,5,P1P2,eff-ring,19,20963,18572,82,98,1.44,19,164
4500,5,P1P2,long-ring,13,24193,16556,95,87,8.43,26,113
4500,5,P1P2,eff-serial,17,20933,18039,82,95,1.61,17,1161
4500,5,P3P4,eff-ring,14,24674,9579,97,50,0.28,14,121
4500,5,P3P4,long-ring,6,24647,8680,97,46,5.79,18,108
5000,2,P1P2,eff-ring,9,11745,9106,97,76,3.05,9,120
5000,2,P1P2,long-ring,3,11130,4904,92,41,36.55,6,120
5000,2,P1P2,eff-serial,8,11412,8601,94,72,3.43,8,705
5000,2,P3P4,eff-ring,5,11125,3870,92,32,0.77,5,120
5000,2,P3P4,long-ring,0,10800,2100,89,18,0.00,0,120
5000,3,P1P2,eff-ring,14,16312,13807,95,92,1.96,14,135
5000,3,P1P2,long-ring,7,16370,9576,95,64,15.66,14,120
5000,3,P1P2,eff-serial,13,16717,13856,97,92,2.11,13,1030
5000,3,P3P4,eff-ring,9,17145,6406,100,43,0.43,9,120
5000,3,P3P4,long-ring,2,15430,4304,90,29,17.36,6,120
5000,4,P1P2,eff-ring,17,19133,16689,90,98,1.61,17,163
5000,4,P1P2,long-ring,10,20300,13080,95,77,10.96,20,120
5000,4,P1P2,eff-serial,15,18930,16026,89,94,1.83,15,1160
5000,4,P3P4,eff-ring,11,20155,7674,95,45,0.35,11,120
5000,4,P3P4,long-ring,4,20060,6508,94,38,8.68,12,120
5000,5,P1P2,eff-ring,19,21032,18624,83,98,1.44,19,182
5000,5,P1P2,long-ring,13,24258,16605,95,87,8.43,26,125
5000,5,P1P2,eff-serial,17,21195,18236,83,96,1.61,17,1290
5000,5,P3P4,eff-ring,14,24712,9607,97,51,0.28,14,135
5000,5,P3P4,long-ring,6,24690,8712,97,46,5.79,18,120
5500,2,P1P2,eff-ring,9,11767,9122,97,76,3.05,9,132
5500,2,P1P2,long-ring,3,11144,4915,92,41,36.55,6,132
5500,2,P1P2,eff-serial,8,11488,8658,95,72,3.43,8,776
5500,2,P3P4,eff-ring,5,11137,3879,92,32,0.77,5,132
5500,2,P3P4,long-ring,0,10800,2100,89,18,0.00,0,132
5500,3,P1P2,eff-ring,14,16350,13836,95,92,1.96,14,148
5500,3,P1P2,long-ring,7,16404,9601,95,64,15.66,14,132
5500,3,P1P2,eff-serial,13,16883,13981,98,93,2.11,13,1133
5500,3,P3P4,eff-ring,9,17167,6422,100,43,0.43,9,132
5500,3,P3P4,long-ring,2,15444,4315,90,29,17.36,6,132
5500,4,P1P2,eff-ring,17,19188,16730,90,98,1.61,17,180
5500,4,P1P2,long-ring,10,20348,13116,95,77,10.96,20,132
5500,4,P1P2,eff-serial,15,19142,16185,90,95,1.83,15,1276
5500,4,P3P4,eff-ring,11,20182,7694,95,45,0.35,11,132
5500,4,P3P4,long-ring,4,20089,6530,94,38,8.68,12,132
5500,5,P1P2,eff-ring,19,21101,18676,83,98,1.44,19,201
5500,5,P1P2,long-ring,13,24324,16654,96,88,8.43,26,138
5500,5,P1P2,eff-serial,17,21457,18432,84,97,1.61,17,1419
5500,5,P3P4,eff-ring,14,24750,9636,97,51,0.28,14,148
5500,5,P3P4,long-ring,6,24733,8745,97,46,5.79,18,132
6000,2,P1P2,eff-ring,9,11788,9138,97,76,3.05,9,144
6000,2,P1P2,long-ring,3,11159,4926,92,41,36.55,6,144
6000,2,P1P2,eff-serial,8,11565,8716,95,73,3.43,8,846
6000,2,P3P4,eff-ring,5,11149,3888,92,32,0.77,5,144
6000,2,P3P4,long-ring,0,10800,2100,89,18,0.00,0,144
6000,3,P1P2,eff-ring,14,16387,13864,95,92,1.96,14,162
6000,3,P1P2,long-ring,7,16437,9627,95,64,15.66,14,144
6000,3,P1P2,eff-serial,13,17050,14106,99,94,2.11,13,1236
6000,3,P3P4,eff-ring,9,17188,6438,100,43,0.43,9,144
6000,3,P3P4,long-ring,2,15459,4326,90,29,17.36,6,144
6000,4,P1P2,eff-ring,17,19244,16772,90,99,1.61,17,196
6000,4,P1P2,long-ring,10,20396,13152,96,77,10.96,20,144
6000,4,P1P2,eff-serial,15,19353,16344,91,96,1.83,15,1392
6000,4,P3P4,eff-ring,11,20208,7714,95,45,0.35,11,144
6000,4,P3P4,long-ring,4,20118,6551,94,39,8.68,12,144
6000,5,P1P2,eff-ring,19,21171,18728,83,99,1.44,19,219
6000,5,P1P2,long-ring,13,24389,16703,96,88,8.43,26,151
6000,5,P1P2,eff-serial,17,21719,18628,85,98,1.61,17,1548
6000,5,P3P4,eff-ring,14,24787,9664,98,51,0.28,14,162
6000,5,P3P4,long-ring,6,24777,8777,97,46,5.79,18,144
6500,2,P1P2,eff-ring,9,11810,9155,97,76,3.05,9,156
6500,2,P1P2,long-ring,3,11173,4936,92,41,36.55,6,156
6500,2,P1P2,eff-serial,8,11641,8773,96,73,3.43,8,917
6500,2,P3P4,eff-ring,5,11161,3897,92,32,0.77,5,156
6500,2,P3P4,long-ring,0,10800,2100,89,18,0.00,0,156
6500,3,P1P2,eff-ring,14,16425,13892,95,93,1.96,14,175
6500,3,P1P2,long-ring,7,16471,9652,96,64,15.66,14,156
6500,3,P1P2,eff-serial,12,16067,13114,93,87,2.28,12,1255
6500,3,P3P4,eff-ring,9,17210,6455,100,43,0.43,9,156
6500,3,P3P4,long-ring,2,15473,4336,90,29,17.36,6,156
6500,4,P1P2,eff-ring,17,19299,16814,91,99,1.61,17,212
6500,4,P1P2,long-ring,10,20444,13188,96,78,10.96,20,156
6500,4,P1P2,eff-serial,15,19565,16502,92,97,1.83,15,1508
6500,4,P3P4,eff-ring,11,20234,7733,95,45,0.35,11,156
6500,4,P3P4,long-ring,4,20147,6573,95,39,8.68,12,156
6500,5,P1P2,eff-ring,19,21240,18780,84,99,1.44,19,237
6500,5,P1P2,long-ring,13,24454,16752,96,88,8.43,26,163
6500,5,P1P2,eff-serial,17,21980,18825,86,99,1.61,17,1677
6500,5,P3P4,eff-ring,14,24825,9692,98,51,0.28,14,175
6500,5,P3P4,long-ring,6,24820,8809,98,46,5.79,18,156
7000,2,P1P2,eff-ring,9,11832,9171,97,76,3.05,9,168
7000,2,P1P2,long-ring,3,11188,4947,92,41,36.55,6,168
7000,2,P1P2,eff-serial,8,11718,8830,97,74,3.43,8,987
7000,2,P3P4,eff-ring,5,11173,3906,92,33,0.77,5,168
7000,2,P3P4,long-ring,0,10800,2100,89,18,0.00,0,168
7000,3,P1P2,eff-ring,14,16463,13921,96,93,1.96,14,189
7000,3,P1P2,long-ring,7,16505,9677,96,65,15.66,14,168
7000,3,P1P2,eff-serial,12,16213,13223,94,88,2.28,12,1351
7000,3,P3P4,eff-ring,8,15717,5830,91,39,0.48,8,168
7000,3,P3P4,long-ring,2,15488,4347,90,29,17.36,6,168
7000,4,P1P2,eff-ring,17,19355,16855,91,99,1.61,17,229
7000,4,P1P2,long-ring,10,20492,13224,96,78,10.96,20,168
7000,4,P1P2,eff-serial,15,19776,16661,93,98,1.83,15,1624
7000,4,P3P4,eff-ring,11,20261,7753,95,46,0.35,11,168
7000,4,P3P4,long-ring,4,20175,6595,95,39,8.68,12,168
7000,5,P1P2,eff-ring,19,21309,18832,84,99,1.44,19,255
7000,5,P1P2,long-ring,13,24519,16801,96,88,8.43,26,176
7000,5,P1P2,eff-serial,16,21000,17834,83,94,1.71,16,1715
7000,5,P3P4,eff-ring,14,24863,9721,98,51,0.28,14,189
7000,5,P3P4,long-ring,6,24863,8842,98,47,5.79,18,168
7500,2,P1P2,eff-ring,9,11853,9187,98,77,3.05,9,180
7500,2,P1P2,long-ring,3,11202,4958,92,41,36.55,6,180
7500,2,P1P2,eff-serial,8,11794,8888,97,74,3.43,8,1058
7500,2,P3P4,eff-ring,5,11185,3915,92,33,0.77,5,180
7500,2,P3P4,long-ring,0,10800,2100,89,18,0.00,0,180
7500,3,P1P2,eff-ring,14,16501,13949,96,93,1.96,14,202
7500,3,P1P2,long-ring,7,16538,9702,96,65,15.66,14,180
7500,3,P1P2,eff-serial,12,16359,13332,95,89,2.28,12,1448
7500,3,P3P4,eff-ring,8,15736,5844,91,39,0.48,8,180
7500,3,P3P4,long-ring,2,15502,4358,90,29,17.36,6,180
7500,4,P1P2,eff-ring,17,19410,16897,91,99,1.61,17,245
7500,4,P1P2,long-ring,10,20540,13260,96,78,10.96,20,180
7500,4,P1P2,eff-serial,15,19988,16819,94,99,1.83,15,1740
7500,4,P3P4,eff-ring,11,20287,7773,95,46,0.35,11,180
7500,4,P3P4,long-ring,4,20204,6616,95,39,8.68,12,180
7500,5,P1P2,eff-ring,19,21379,18884,84,99,1.44,19,274
7500,5,P1P2,long-ring,13,24584,16850,97,89,8.43,26,188
7500,5,P1P2,eff-serial,16,21236,18011,84,95,1.71,16,1838
7500,5,P3P4,eff-ring,14,24901,9749,98,51,0.28,14,202
7500,5,P3P4,long-ring,6,24906,8874,98,47,5.79,18,180
8000,2,P1P2,eff-ring,9,11875,9203,98,77,3.05,9,192
8000,2,P1P2,long-ring,3,11216,4969,92,41,36.55,6,192
8000,2,P1P2,eff-serial,8,11870,8945,98,75,3.43,8,1128
8000,2,P3P4,eff-ring,5,11197,3924,92,33,0.77,5,192
8000,2,P3P4,long-ring,0,10800,2100,89,18,0.00,0,192
8000,3,P1P2,eff-ring,14,16538,13977,96,93,1.96,14,216
8000,3,P1P2,long-ring,7,16572,9727,96,65,15.66,14,192
8000,3,P1P2,eff-serial,12,16505,13442,96,90,2.28,12,1544
8000,3,P3P4,eff-ring,8,15755,5858,92,39,0.48,8,192
8000,3,P3P4,long-ring,2,15516,4369,90,29,17.36,6,192
8000,4,P1P2,eff-ring,17,19466,16939,91,100,1.61,17,261
8000,4,P1P2,long-ring,10,20588,13296,97,78,10.96,20,192
8000,4,P1P2,eff-serial,15,20199,16978,95,100,1.83,15,1856
8000,4,P3P4,eff-ring,11,20314,7793,95,46,0.35,11,192
8000,4,P3P4,long-ring,4,20233,6638,95,39,8.68,12,192
8000,5,P1P2,eff-ring,19,21448,18936,84,100,1.44,19,292
8000,5,P1P2,long-ring,13,24650,16899,97,89,8.43,26,201
8000,5,P1P2,eff-serial,16,21472,18188,84,96,1.71,16,1960
8000,5,P3P4,eff-ring,14,24938,9777,98,51,0.28,14,216
8000,5,P3P4,long-ring,6,24949,8907,98,47,5.79,18,192
8500,2,P1P2,eff-ring,9,11896,9219,98,77,3.05,9,204
8500,2,P1P2,long-ring,3,11231,4980,93,41,36.55,6,204
8500,2,P1P2,eff-serial,8,11947,9002,98,75,3.43,8,1199
8500,2,P3P4,eff-ring,5,11209,3933,92,33,0.77,5,204
8500,2,P3P4,long-ring,0,10800,2100,89,18,0.00,0,204
8500,3,P1P2,eff-ring,14,16576,14006,96,93,1.96,14,229
8500,3,P1P2,long-ring,7,16605,9753,96,65,15.66,14,204
8500,3,P1P2,eff-serial,12,16651,13551,97,90,2.28,12,1641
8500,3,P3P4,eff-ring,8,15775,5873,92,39,0.48,8,204
8500,3,P3P4,long-ring,2,15531,4380,90,29,17.36,6,204
8500,4,P1P2,eff-ring,17,19521,16980,92,100,1.61,17,278
8500,4,P1P2,long-ring,10,20636,13332,97,78,10.96,20,204
8500,4,P1P2,eff-serial,14,19135,15925,90,94,1.96,14,1861
8500,4,P3P4,eff-ring,11,20340,7813,95,46,0.35,11,204
8500,4,P3P4,long-ring,4,20262,6659,95,39,8.68,12,204
8500,5,P1P2,eff-ring,19,21517,18988,85,100,1.44,19,310
8500,5,P1P2,long-ring,13,24715,16948,97,89,8.43,26,213
8500,5,P1P2,eff-serial,16,21708,18365,85,97,1.71,16,2083
8500,5,P3P4,eff-ring,14,24976,9806,98,52,0.28,14,229
8500,5,P3P4,long-ring,6,24993,8939,98,47,5.79,18,204
9000,2,P1P2,eff-ring,9,11918,9236,98,77,3.05,9,216
9000,2,P1P2,long-ring,3,11245,4990,93,42,36.55,6,216
9000,2,P1P2,eff-serial,8,12023,9059,99,75,3.43,8,1269
9000,2,P3P4,eff-ring,5,11221,3942,92,33,0.77,5,216
9000,2,P3P4,long-ring,0,10800,2100,89,18,0.00,0,216
9000,3,P1P2,eff-ring,14,16614,14034,97,94,1.96,14,243
9000,3,P1P2,long-ring,7,16639,9778,97,65,15.66,14,216
9000,3,P1P2,eff-serial,12,16796,13660,98,91,2.28,12,1737
9000,3,P3P4,eff-ring,8,15794,5887,92,39,0.48,8,216
9000,3,P3P4,long-ring,2,15545,4390,90,29,17.36,6,216
9000,4,P1P2,eff-ring,16,18582,16021,87,94,1.71,16,277
9000,4,P1P2,long-ring,10,20684,13368,97,79,10.96,20,216
9000,4,P1P2,eff-serial,14,19323,16066,91,95,1.96,14,1971
9000,4,P3P4,eff-ring,11,20366,7833,96,46,0.35,11,216
9000,4,P3P4,long-ring,4,20291,6681,95,39,8.68,12,216
9000,5,P1P2,eff-ring,18,20578,18028,81,95,1.52,18,311
9000,5,P1P2,long-ring,13,24780,16997,98,89,8.43,26,226
9000,5,P1P2,eff-serial,16,21944,18542,86,98,1.71,16,2205
9000,5,P3P4,eff-ring,14,25014,9834,98,52,0.28,14,243
9000,5,P3P4,long-ring,6,25036,8971,99,47,5.79,18,216
9500,2,P1P2,eff-ring,9,11940,9252,98,77,3.05,9,228
9500,2,P1P2,long-ring,3,11260,5001,93,42,36.55,6,228
9500,2,P1P2,eff-serial,8,12100,9117,100,76,3.43,8,1340
9500,2,P3P4,eff-ring,5,11233,3951,93,33,0.77,5,228
9500,2,P3P4,long-ring,0,10800,2100,89,18,0.00,0,228
9500,3,P1P2,eff-ring,14,16652,14062,97,94,1.96,14,256
9500,3,P1P2,long-ring,7,16673,9803,97,65,15.66,14,228
9500,3,P1P2,eff-serial,12,16942,13770,98,92,2.28,12,1834
9500,3,P3P4,eff-ring,8,15813,5902,92,39,0.48,8,228
9500,3,P3P4,long-ring,2,15560,4401,90,29,17.36,6,228
9500,4,P1P2,eff-ring,16,18632,16058,87,94,1.71,16,292
9500,4,P1P2,long-ring,10,20732,13404,97,79,10.96,20,228
9500,4,P1P2,eff-serial,14,19512,16207,92,95,1.96,14,2080
9500,4,P3P4,eff-ring,11,20393,7852,96,46,0.35,11,228
9500,4,P3P4,long-ring,4,20319,6703,95,39,8.68,12,228
9500,5,P1P2,eff-ring,18,20641,18075,81,95,1.52,18,328
9500,5,P1P2,long-ring,13,24845,17046,98,90,8.43,26,238
9500,5,P1P2,eff-serial,16,22180,18719,87,99,1.71,16,2328
9500,5,P3P4,eff-ring,14,25052,9862,99,52,0.28,14,256
9500,5,P3P4,long-ring,6,25079,9004,99,47,5.79,18,228
10000,2,P1P2,eff-ring,9,11961,9268,99,77,3.05,9,240
10000,2,P1P2,long-ring,3,11274,5012,93,42,36.55,6,240
10000,2,P1P2,eff-serial,7,11013,8047,91,67,3.92,7,1280
10000,2,P3P4,eff-ring,5,11245,3960,93,33,0.77,5,240
10000,2,P3P4,long-ring,0,10800,2100,89,18,0.00,0,240
10000,3,P1P2,eff-ring,14,16690,14091,97,94,1.96,14,270
10000,3,P1P2,long-ring,7,16706,9828,97,66,15.66,14,240
10000,3,P1P2,eff-serial,12,17088,13879,99,93,2.28,12,1930
10000,3,P3P4,eff-ring,8,15832,5916,92,39,0.48,8,240
10000,3,P3P4,long-ring,2,15574,4412,90,29,17.36,6,240
10000,4,P1P2,eff-ring,16,18681,16095,88,95,1.71,16,308
10000,4,P1P2,long-ring,10,20780,13440,97,79,10.96,20,240
10000,4,P1P2,eff-serial,14,19700,16349,92,96,1.96,14,2190
10000,4,P3P4,eff-ring,11,20419,7872,96,46,0.35,11,240
10000,4,P3P4,long-ring,4,20348,6724,95,40,8.68,12,240
10000,5,P1P2,eff-ring,18,20703,18122,81,95,1.52,18,346
10000,5,P1P2,long-ring,13,24911,17094,98,90,8.43,26,251
10000,5,P1P2,eff-serial,16,22416,18896,88,99,1.71,16,2450
10000,5,P3P4,eff-ring,14,25090,9891,99,52,0.28,14,270
10000,5,P3P4,long-ring,6,25122,9036,99,48,5.79,18,240
10500,2,P1P2,eff-ring,9,11983,9284,99,77,3.05,9,252
10500,2,P1P2,long-ring,3,11289,5023,93,42,36.55,6,252
10500,2,P1P2,eff-serial,7,11075,8093,91,67,3.92,7,1344
10500,2,P3P4,eff-ring,5,11257,3969,93,33,0.77,5,252
10500,2,P3P4,long-ring,0,10800,2100,89,18,0.00,0,252
10500,3,P1P2,eff-ring,14,16727,14119,97,94,1.96,14,283
10500,3,P1P2,long-ring,7,16740,9853,97,66,15.66,14,252
10500,3,P1P2,eff-serial,11,15948,12768,93,85,2.49,11,1890
10500,3,P3P4,eff-ring,8,15851,5931,92,40,0.48,8,252
10500,3,P3P4,long-ring,2,15589,4423,91,29,17.36,6,252
10500,4,P1P2,eff-ring,16,18730,16132,88,95,1.71,16,323
10500,4,P1P2,long-ring,10,20828,13476,98,79,10.96,20,252
10500,4,P1P2,eff-serial,14,19888,16490,93,97,1.96,14,2299
10500,4,P3P4,eff-ring,11,20446,7892,96,46,0.35,11,252
10500,4,P3P4,long-ring,4,20377,6746,96,40,8.68,12,252
10500,5,P1P2,eff-ring,18,20765,18168,82,96,1.52,18,363
10500,5,P1P2,long-ring,13,24976,17143,98,90,8.43,26,263
10500,5,P1P2,eff-serial,15,21257,17771,84,94,1.83,15,2436
10500,5,P3P4,eff-ring,14,25127,9919,99,52,0.28,14,283
10500,5,P3P4,long-ring,6,25166,9069,99,48,5.79,18,252
11000,2,P1P2,eff-ring,9,12004,9301,99,78,3.05,9,264
11000,2,P1P2,long-ring,3,11303,5034,93,42,36.55,6,264
11000,2,P1P2,eff-serial,7,11138,8140,92,68,3.92,7,1408
11000,2,P3P4,eff-ring,5,11269,3978,93,33,0.77,5,264
11000,2,P3P4,long-ring,0,10800,2100,89,18,0.00,0,264
11000,3,P1P2,eff-ring,14,16765,14147,97,94,1.96,14,297
11000,3,P1P2,long-ring,7,16773,9879,97,66,15.66,14,264
11000,3,P1P2,eff-serial,11,16074,12863,93,86,2.49,11,1980
11000,3,P3P4,eff-ring,8,15871,5945,92,40,0.48,8,264
11000,3,P3P4,long-ring,2,15603,4434,91,30,17.36,6,264
11000,4,P1P2,eff-ring,16,18779,16169,88,95,1.71,16,339
11000,4,P1P2,long-ring,10,20876,13512,98,79,10.96,20,264
11000,4,P1P2,eff-serial,14,20077,16631,94,98,1.96,14,2409
11000,4,P3P4,eff-ring,11,20472,7912,96,47,0.35,11,264
11000,4,P3P4,long-ring,4,20406,6767,96,40,8.68,12,264
11000,5,P1P2,eff-ring,18,20827,18215,82,96,1.52,18,380
11000,5,P1P2,long-ring,13,25041,17192,99,90,8.43,26,276
11000,5,P1P2,eff-serial,15,21468,17930,84,94,1.83,15,2552
11000,5,P3P4,eff-ring,14,25165,9947,99,52,0.28,14,297
11000,5,P3P4,long-ring,6,25209,9101,99,48,5.79,18,264
11500,2,P1P2,eff-ring,9,12026,9317,99,78,3.05,9,276
11500,2,P1P2,long-ring,3,11317,5044,93,42,36.55,6,276
11500,2,P1P2,eff-serial,7,11200,8187,92,68,3.92,7,1472
11500,2,P3P4,eff-ring,5,11281,3987,93,33,0.77,5,276
11500,2,P3P4,long-ring,0,10800,2100,89,18,0.00,0,276
11500,3,P1P2,eff-ring,14,16803,14176,98,95,1.96,14,310
11500,3,P1P2,long-ring,7,16807,9904,98,66,15.66,14,276
11500,3,P1P2,eff-serial,11,16201,12958,94,86,2.49,11,2070
11500,3,P3P4,eff-ring,8,15890,5959,92,40,0.48,8,276
11500,3,P3P4,long-ring,2,15617,4444,91,30,17.36,6,276
11500,4,P1P2,eff-ring,16,18829,16205,88,95,1.71,16,354
11500,4,P1P2,long-ring,10,20924,13548,98,80,10.96,20,276
11500,4,P1P2,eff-serial,14,20265,16772,95,99,1.96,14,2518
11500,4,P3P4,eff-ring,11,20498,7932,96,47,0.35,11,276
11500,4,P3P4,long-ring,4,20435,6789,96,40,8.68,12,276
11500,5,P1P2,eff-ring,18,20890,18262,82,96,1.52,18,398
11500,5,P1P2,long-ring,13,25106,17241,99,91,8.43,26,289
11500,5,P1P2,eff-serial,15,21680,18088,85,95,1.83,15,2668
11500,5,P3P4,eff-ring,14,25203,9976,99,53,0.28,14,310
11500,5,P3P4,long-ring,6,25252,9133,99,48,5.79,18,276
12000,2,P1P2,eff-ring,9,12048,9333,99,78,3.05,9,288
12000,2,P1P2,long-ring,3,11332,5055,93,42,36.55,6,288
12000,2,P1P2,eff-serial,7,11262,8233,93,69,3.92,7,1536
12000,2,P3P4,eff-ring,5,11293,3996,93,33,0.77,5,288
12000,2,P3P4,long-ring,0,10800,2100,89,18,0.00,0,288
12000,3,P1P2,eff-ring,14,16841,14204,98,95,1.96,14,324
12000,3,P1P2,long-ring,7,16841,9929,98,66,15.66,14,288
12000,3,P1P2,eff-serial,11,16327,13053,95,87,2.49,11,2160
12000,3,P3P4,eff-ring,8,15909,5974,92,40,0.48,8,288
12000,3,P3P4,long-ring,2,15632,4455,91,30,17.36,6,288
12000,4,P1P2,eff-ring,16,18878,16242,89,96,1.71,16,369
12000,4,P1P2,long-ring,10,20972,13584,98,80,10.96,20,288
12000,4,P1P2,eff-serial,14,20453,16913,96,99,1.96,14,2628
12000,4,P3P4,eff-ring,11,20525,7951,96,47,0.35,11,288
12000,4,P3P4,long-ring,4,20463,6811,96,40,8.68,12,288
12000,5,P1P2,eff-ring,18,20952,18308,82,96,1.52,18,415
12000,5,P1P2,long-ring,13,25172,17290,99,91,8.43,26,301
12000,5,P1P2,eff-serial,15,21891,18247,86,96,1.83,15,2784
12000,5,P3P4,eff-ring,14,25241,10004,99,53,0.28,14,324
12000,5,P3P4,long-ring,6,25295,9166,100,48,5.79,18,288
12500,2,P1P2,eff-ring,9,12069,9349,99,78,3.05,9,300
12500,2,P1P2,long-ring,3,11346,5066,93,42,36.55,6,300
12500,2,P1P2,eff-serial,7,11325,8280,93,69,3.92,7,1600
12500,2,P3P4,eff-ring,5,11305,4005,93,33,0.77,5,300
12500,2,P3P4,long-ring,0,10800,2100,89,18,0.00,0,300
12500,3,P1P2,eff-ring,14,16878,14232,98,95,1.96,14,337
12500,3,P1P2,long-ring,7,16874,9954,98,66,15.66,14,300
12500,3,P1P2,eff-serial,11,16454,13148,96,88,2.49,11,2250
12500,3,P3P4,eff-ring,8,15928,5988,93,40,0.48,8,300
12500,3,P3P4,long-ring,2,15646,4466,91,30,17.36,6,300
12500,4,P1P2,eff-ring,16,18927,16279,89,96,1.71,16,385
12500,4,P1P2,long-ring,10,21020,13620,99,80,10.96,20,300
12500,4,P1P2,eff-serial,13,19213,15728,90,93,2.11,13,2575
12500,4,P3P4,eff-ring,11,20551,7971,96,47,0.35,11,300
12500,4,P3P4,long-ring,4,20492,6832,96,40,8.68,12,300
12500,5,P1P2,eff-ring,18,21014,18355,83,97,1.52,18,432
12500,5,P1P2,long-ring,13,25237,17339,99,91,8.43,26,314
12500,5,P1P2,eff-serial,15,22103,18406,87,97,1.83,15,2900
12500,5,P3P4,eff-ring,14,25278,10032,99,53,0.28,14,337
12500,5,P3P4,long-ring,6,25338,9198,100,48,5.79,18,300
13000,2,P1P2,eff-ring,9,12091,9365,100,78,3.05,9,312
13000,2,P1P2,long-ring,3,11361,5077,94,42,36.55,6,312
13000,2,P1P2,eff-serial,7,11387,8327,94,69,3.92,7,1664
13000,2,P3P4,eff-ring,5,11317,4014,93,33,0.77,5,312
13000,2,P3P4,long-ring,0,10800,2100,89,18,0.00,0,312
13000,3,P1P2,eff-ring,14,16916,14261,98,95,1.96,14,351
13000,3,P1P2,long-ring,7,16908,9979,98,67,15.66,14,312
13000,3,P1P2,eff-serial,11,16580,13243,96,88,2.49,11,2340
13000,3,P3P4,eff-ring,8,15947,6003,93,40,0.48,8,312
13000,3,P3P4,long-ring,2,15661,4477,91,30,17.36,6,312
13000,4,P1P2,eff-ring,16,18976,16316,89,96,1.71,16,400
13000,4,P1P2,long-ring,10,21068,13656,99,80,10.96,20,312
13000,4,P1P2,eff-serial,13,19379,15853,91,93,2.11,13,2678
13000,4,P3P4,eff-ring,11,20578,7991,97,47,0.35,11,312
13000,4,P3P4,long-ring,4,20521,6854,96,40,8.68,12,312
13000,5,P1P2,eff-ring,18,21076,18402,83,97,1.52,18,450
13000,5,P1P2,long-ring,13,25302,17388,100,92,8.43,26,326
13000,5,P1P2,eff-serial,15,22314,18564,88,98,1.83,15,3016
13000,5,P3P4,eff-ring,14,25316,10061,100,53,0.28,14,351
13000,5,P3P4,long-ring,6,25382,9231,100,49,5.79,18,312
13500,2,P1P2,eff-ring,9,12112,9382,100,78,3.05,9,324
13500,2,P1P2,long-ring,3,11375,5088,94,42,36.55,6,324
13500,2,P1P2,eff-serial,7,11449,8374,94,70,3.92,7,1728
13500,2,P3P4,eff-ring,5,11329,4023,93,34,0.77,5,324
13500,2,P3P4,long-ring,0,10800,2100,89,18,0.00,0,324
13500,3,P1P2,eff-ring,14,16954,14289,98,95,1.96,14,364
13500,3,P1P2,long-ring,7,16942,10005,98,67,15.66,14,324
13500,3,P1P2,eff-serial,11,16707,13338,97,89,2.49,11,2430
13500,3,P3P4,eff-ring,8,15967,6017,93,40,0.48,8,324
13500,3,P3P4,long-ring,2,15675,4488,91,30,17.36,6,324
13500,4,P1P2,eff-ring,16,19026,16353,89,96,1.71,16,415
13500,4,P1P2,long-ring,10,21116,13692,99,81,10.96,20,324
13500,4,P1P2,eff-serial,13,19546,15978,92,94,2.11,13,2781
13500,4,P3P4,eff-ring,11,20604,8011,97,47,0.35,11,324
13500,4,P3P4,long-ring,4,20550,6875,96,40,8.68,12,324
13500,5,P1P2,eff-ring,18,21138,18448,83,97,1.52,18,467
13500,5,P1P2,long-ring,13,25367,17437,100,92,8.43,26,339
13500,5,P1P2,eff-serial,15,22526,18723,89,99,1.83,15,3132
13500,5,P3P4,eff-ring,14,25354,10089,100,53,0.28,14,364
13500,5,P3P4,long-ring,5,22987,8069,90,42,6.94,15,324
14000,2,P1P2,eff-ring,9,12134,9398,100,78,3.05,9,336
14000,2,P1P2,long-ring,3,11389,5099,94,42,36.55,6,336
14000,2,P1P2,eff-serial,7,11511,8420,95,70,3.92,7,1792
14000,2,P3P4,eff-ring,5,11341,4032,93,34,0.77,5,336
14000,2,P3P4,long-ring,0,10800,2100,89,18,0.00,0,336
14000,3,P1P2,eff-ring,14,16992,14317,99,95,1.96,14,378
14000,3,P1P2,long-ring,7,16975,10030,99,67,15.66,14,336
14000,3,P1P2,eff-serial,11,16833,13433,98,90,2.49,11,2520
14000,3,P3P4,eff-ring,8,15986,6031,93,40,0.48,8,336
14000,3,P3P4,long-ring,2,15689,4499,91,30,17.36,6,336
14000,4,P1P2,eff-ring,16,19075,16390,89,96,1.71,16,431
14000,4,P1P2,long-ring,10,21164,13728,99,81,10.96,20,336
14000,4,P1P2,eff-serial,13,19712,16102,92,95,2.11,13,2884
14000,4,P3P4,eff-ring,11,20630,8031,97,47,0.35,11,336
14000,4,P3P4,long-ring,4,20579,6897,97,41,8.68,12,336
14000,5,P1P2,eff-ring,18,21201,18495,83,97,1.52,18,484
14000,5,P1P2,long-ring,12,23957,16194,94,85,9.14,24,336
14000,5,P1P2,eff-serial,15,22737,18882,89,99,1.83,15,3248
14000,5,P3P4,eff-ring,14,25392,10117,100,53,0.28,14,378
14000,5,P3P4,long-ring,5,23023,8096,91,43,6.94,15,336
